# Name,   Type, SubType, Offset,   Size,     Flags
# Fabrica + um slot de OTA, 0x1F0000 (1,94 MB) cada, ocupando os 4 MB inteiros.
#
# O layout anterior era ota_0 + ota_1 de 0x190000 e deixava 0x C0000 parados no
# fim da flash. Duas coisas nao fechavam: 768 KiB nunca eram usados, e o par A/B
# so protege contra imagem que nao sobe -- se as duas ficarem ruins, nao ha para
# onde voltar. Aqui a fabrica e gravada por USB, o OTA nunca escreve nela, e o
# bootloader cai nela quando o slot de OTA e reprovado.
#
# Cada slot ficou 30% maior que a imagem de hoje (1,38 MB), contra 14% antes.
nvs,      data, nvs,     0x9000,   0x5000,
otadata,  data, ota,     0xe000,   0x2000,
phy_init, data, phy,     0x10000,  0x1000,
factory,  app,  factory, 0x20000,  0x1F0000,
ota_0,    app,  ota_0,   0x210000, 0x1F0000,
